{"slab_outline": [[4500.0, 0.0], [0.0, 0.0], [0.0, 3000.0], [1000.0, 3000.0], [1000.0, 5500.0], [0.0, 5500.0], [0.0, 15000.0], [20000.0, 15000.0], [20000.0, 0.0], [16000.0, -2500.0], [12500.0, 0.0], [7500.0, -1000.0], [4500.0, -1000.0]], "slab_openings": [[[12500.0, 11000.0], [18500.0, 11000.0], [18500.0, 13000.0], [12500.0, 13000.0]], [[11500.0, 4000.0], [14500.0, 4000.0], [14500.0, 5000.0], [11500.0, 5000.0]]], "occupancy_a": [[10500.0, 15000.0], [10500.0, -400.0000000000002], [7500.0, -1000.0], [4500.0, -1000.0], [4500.0, 0.0], [0.0, 0.0], [0.0, 3000.0], [1000.0, 3000.0], [1000.0, 5500.0], [0.0, 5500.0], [0.0, 15000.0]], "occupancy_b": [[10500.0, 15000.0], [10500.0, -400.0000000000002], [12500.0, 0.0], [16000.0, -2500.0], [20000.0, 0.0], [20000.0, 15000.0]], "walls": [[[8300.0, 7000.0], [8300.0, 9900.0], [4500.0, 9900.0], [4500.0, 7000.0], [4900.0, 7000.0], [4900.0, 9500.0], [7900.0, 9500.0], [7900.0, 7000.0]], [[17000.0, 3000.0], [17250.0, 3000.0], [17250.0, 5500.0], [17000.0, 5500.0]]], "columns": [[[0.0, 14700.0], [500.0, 14700.0], [500.0, 15000.0], [0.0, 15000.0]], [[0.0, 1500.0], [400.0, 1500.0], [400.0, 1900.0], [0.0, 1900.0]], [[5000.0, 14700.0], [5500.0, 14700.0], [5500.0, 15000.0], [5000.0, 15000.0]], [[5000.0, 1500.0], [5400.0, 1500.0], [5400.0, 1900.0], [5000.0, 1900.0]], [[10000.0, 14700.0], [10500.0, 14700.0], [10500.0, 15000.0], [10000.0, 15000.0]], [[10000.0, 1500.0], [10400.0, 1500.0], [10400.0, 1900.0], [10000.0, 1900.0]], [[15000.0, 14700.0], [15500.0, 14700.0], [15500.0, 15000.0], [15000.0, 15000.0]], [[15000.0, 1500.0], [15400.0, 1500.0], [15400.0, 1900.0], [15000.0, 1900.0]], [[0.0, 6700.0], [500.0, 6700.0], [500.0, 7000.0], [0.0, 7000.0]], [[10000.0, 6700.0], [10500.0, 6700.0], [10500.0, 7000.0], [10000.0, 7000.0]], [[15000.0, 6700.0], [15500.0, 6700.0], [15500.0, 7000.0], [15000.0, 7000.0]], [[19099.999999999996, 1500.0], [19499.999999999996, 1500.0], [19499.999999999996, 1900.0], [19099.999999999996, 1900.0]], [[19000.0, 14700.0], [19500.0, 14700.0], [19500.0, 15000.0], [19000.0, 15000.0]], [[19000.0, 6700.0], [19500.0, 6700.0], [19500.0, 7000.0], [19000.0, 7000.0]], [[19000.0, 10700.0], [19500.0, 10700.0], [19500.0, 11000.0], [19000.0, 11000.0]], [[1000.0, 11700.0], [1500.0, 11700.0], [1500.0, 12000.0], [1000.0, 12000.0]], [[15550.0, -900.0], [15950.0, -900.0], [15950.0, -500.0], [15550.0, -500.0]]]}
